{
  "rsi": 0.0196209866553545,
  "mfi": 0.011170017533004284,
  "volume_ratio": 0.013806991279125214,
  "obv_chg_pct": 0.007998642511665821,
  "vol_ratio_trend": 0.011952092871069908,
  "bb_width": 0.18307332694530487,
  "atr_pct": 0.29576581716537476,
  "bb_position": 0.008878662250936031,
  "returns": 0.00808336865156889,
  "hl_ratio": 0.042262036353349686,
  "vwap_dev": 0.012787329964339733,
  "macd_diff_pct": 0.010384122841060162,
  "ema_spread": 0.04557587206363678,
  "ret_5d": 0.00838933140039444,
  "ret_21d": 0.017418693751096725,
  "ret_63d": 0.03988762944936752,
  "ret_126d": 0.07001879811286926,
  "mom_12_1": 0.06969965994358063,
  "high_52w_pct": 0.1232266053557396
}