{
  "rsi": 0.02082570269703865,
  "mfi": 0.013249385170638561,
  "volume_ratio": 0.014114168472588062,
  "obv_chg_pct": 0.008120302110910416,
  "vol_ratio_trend": 0.011910079047083855,
  "bb_width": 0.08506646007299423,
  "atr_pct": 0.3528757691383362,
  "bb_position": 0.0080915167927742,
  "returns": 0.008478117175400257,
  "hl_ratio": 0.03481229022145271,
  "vwap_dev": 0.015097343362867832,
  "macd_diff_pct": 0.01340661570429802,
  "ema_spread": 0.0675797313451767,
  "ret_5d": 0.008935138583183289,
  "ret_21d": 0.015773290768265724,
  "ret_63d": 0.05070344731211662,
  "ret_126d": 0.06211066246032715,
  "mom_12_1": 0.07547543942928314,
  "high_52w_pct": 0.13337451219558716
}