{
  "rsi": 0.028454245999455452,
  "mfi": 0.01367698609828949,
  "volume_ratio": 0.020730679854750633,
  "obv_chg_pct": 0.011319931596517563,
  "vol_ratio_trend": 0.015648404136300087,
  "bb_width": 0.18831661343574524,
  "atr_pct": 0.3342224061489105,
  "bb_position": 0.010836361907422543,
  "returns": 0.00993678905069828,
  "hl_ratio": 0.06643961369991302,
  "vwap_dev": 0.015164494514465332,
  "macd_diff_pct": 0.013404753059148788,
  "ema_spread": 0.09102213382720947,
  "ret_5d": 0.012298442423343658,
  "ret_21d": 0.014610359445214272,
  "high_52w_pct": 0.12020843476057053,
  "gap_overnight": 0.014113749377429485,
  "rsi_divergence": 0.00967840850353241,
  "macd_cross_up": 0.009917156770825386
}