{
  "rsi": 0.02016513980925083,
  "mfi": 0.012453912757337093,
  "volume_ratio": 0.013111545704305172,
  "obv_chg_pct": 0.009971262887120247,
  "vol_ratio_trend": 0.007704450283199549,
  "bb_width": 0.19426003098487854,
  "atr_pct": 0.2921975255012512,
  "bb_position": 0.008945847861468792,
  "returns": 0.006309320218861103,
  "hl_ratio": 0.04746389389038086,
  "vwap_dev": 0.012991431169211864,
  "macd_diff_pct": 0.009191667661070824,
  "ema_spread": 0.04322989657521248,
  "ret_5d": 0.007785968016833067,
  "ret_21d": 0.016597537323832512,
  "ret_63d": 0.03231801837682724,
  "ret_126d": 0.07123973220586777,
  "mom_12_1": 0.06881465017795563,
  "high_52w_pct": 0.12524819374084473
}